tab,screenshot,label,status,x,y,width,height
su,su_full_20260927_004222.png,label_tab_detil,TEKS TIDAK DITEMUKAN,,,56,24
su,su_full_20260927_004222.png,label_tgl_penomoran,DIBUAT,330,528,80,20
su,su_full_20260927_004222.png,label_pembukuan_tanggal,TEKS TIDAK DITEMUKAN,,,70,20
su,su_full_20260927_004222.png,label_pembukuan_centang,PERLU LOCATOR CHECKBOX,,,18,18
su,su_full_20260927_004222.png,label_pembukuan_jabatan,TEKS TIDAK DITEMUKAN,,,70,20
su,su_full_20260927_004222.png,label_pembukuan_nama,DIBUAT,1157,616,52,20
su,su_full_20260927_004222.png,label_penerbitan_tanggal,TEKS TIDAK DITEMUKAN,,,70,20
su,su_full_20260927_004222.png,label_penerbitan_centang,PERLU LOCATOR CHECKBOX,,,18,18
su,su_full_20260927_004222.png,label_penerbitan_jabatan,TEKS TIDAK DITEMUKAN,,,70,20
su,su_full_20260927_004222.png,label_penerbitan_nama,TEKS TIDAK DITEMUKAN,,,52,20
su,su_full_20260927_004222.png,label_di_303,DIBUAT,343,672,56,20
su,su_full_20260927_004222.png,label_keadaan_tanah,DIBUAT,322,776,120,20
su,su_full_20260927_004222.png,label_tanda_batas,TEKS TIDAK DITEMUKAN,,,130,20
su,su_full_20260927_004222.png,label_pengukuran,DIBUAT,310,872,180,36
su,su_full_20260927_004222.png,label_hal_lain,TEKS TIDAK DITEMUKAN,,,100,20
su,su_full_20260927_004222.png,label_pembukuan_jabatan_item,PERLU SCREENSHOT DROPDOWN TERBUKA,,,180,22
su,su_full_20260927_004222.png,label_pembukuan_nama_item,PERLU SCREENSHOT DROPDOWN TERBUKA,,,180,22
su,su_full_20260927_004222.png,label_penerbitan_jabatan_item,PERLU SCREENSHOT DROPDOWN TERBUKA,,,180,22
su,su_full_20260927_004222.png,label_penerbitan_nama_item,PERLU SCREENSHOT DROPDOWN TERBUKA,,,180,22
bt,bt_full_20260927_004302.png,label_tab_detil,DIBUAT,310,252,56,24
bt,bt_full_20260927_004302.png,label_di_301,DIBUAT,342,456,56,20
bt,bt_full_20260927_004302.png,label_petunjuk_bt,DIBUAT,335,784,80,20
bt,bt_full_20260927_004302.png,label_pembukuan_bt_tanggal,TEKS TIDAK DITEMUKAN,,,70,20
bt,bt_full_20260927_004302.png,label_pembukuan_bt_centang,PERLU LOCATOR CHECKBOX,,,18,18
bt,bt_full_20260927_004302.png,label_pembukuan_bt_jabatan,DIBUAT,1166,681,70,20
bt,bt_full_20260927_004302.png,label_pembukuan_bt_nama,DIBUAT,1171,715,52,20
bt,bt_full_20260927_004302.png,label_penerbitan_bt_tanggal,DIBUAT,1166,798,70,20
bt,bt_full_20260927_004302.png,label_penerbitan_bt_centang,PERLU LOCATOR CHECKBOX,,,18,18
bt,bt_full_20260927_004302.png,label_penerbitan_bt_jabatan,DIBUAT,1166,833,70,20
bt,bt_full_20260927_004302.png,label_penerbitan_bt_nama,DIBUAT,1171,867,52,20
bt,bt_full_20260927_004302.png,label_pembukuan_bt_jabatan_item,PERLU SCREENSHOT DROPDOWN TERBUKA,,,180,22
bt,bt_full_20260927_004302.png,label_pembukuan_bt_nama_item,PERLU SCREENSHOT DROPDOWN TERBUKA,,,180,22
bt,bt_full_20260927_004302.png,label_penerbitan_bt_jabatan_item,PERLU SCREENSHOT DROPDOWN TERBUKA,,,180,22
bt,bt_full_20260927_004302.png,label_penerbitan_bt_nama_item,PERLU SCREENSHOT DROPDOWN TERBUKA,,,180,22
